{
	"class_name" : "PinholeCameraParameters",
	"extrinsic" : 
	[
		0.93967676737319528,
		0.13431504659421434,
		-0.31459027498868414,
		0.0,
		0.22430384449387009,
		-0.93630125289203492,
		0.27023646900090198,
		0.0,
		-0.25825444469424264,
		-0.32449873973745991,
		-0.90994791592951552,
		0.0,
		66.864847659221695,
		-82.813819796182273,
		67.140698968410021,
		1.0
	],
	"intrinsic" : 
	{
		"height" : 1080,
		"intrinsic_matrix" : 
		[
			935.30743608719376,
			0.0,
			0.0,
			0.0,
			935.30743608719376,
			0.0,
			959.5,
			539.5,
			1.0
		],
		"width" : 1920
	},
	"version_major" : 1,
	"version_minor" : 0
}