{
	"class_name" : "PinholeCameraParameters",
	"extrinsic" : 
	[
		0.56117684068284246,
		0.0046039828483705296,
		-0.8276831258538232,
		0.0,
		-0.0038171104681269446,
		-0.99995950027337432,
		-0.0081503055585502564,
		0.0,
		-0.82768712878049389,
		0.0077331206479357012,
		-0.56113653926308049,
		0.0,
		3.7445980459054757,
		-0.44060199152624108,
		11.257383200414136,
		1.0
	],
	"intrinsic" : 
	{
		"height" : 1017,
		"intrinsic_matrix" : 
		[
			880.74783564877418,
			0.0,
			0.0,
			0.0,
			880.74783564877418,
			0.0,
			959.5,
			508.0,
			1.0
		],
		"width" : 1920
	},
	"version_major" : 1,
	"version_minor" : 0
}