{
	"class_name" : "PinholeCameraParameters",
	"extrinsic" : 
	[
		0.94407712593262694,
		0.013329204182864183,
		0.32945517541335195,
		0.0,
		0.014742073789071436,
		-0.99988972643734686,
		-0.0017905936013951531,
		0.0,
		0.32939497802970308,
		0.0065473109670535958,
		-0.94416951929614434,
		0.0,
		-2.108502859319624,
		-5.4325065822577274,
		-5.9457897859632034,
		1.0
	],
	"intrinsic" : 
	{
		"height" : 720,
		"intrinsic_matrix" : 
		[
			623.53829072479584,
			0.0,
			0.0,
			0.0,
			623.53829072479584,
			0.0,
			639.5,
			359.5,
			1.0
		],
		"width" : 1280
	},
	"version_major" : 1,
	"version_minor" : 0
}